<beans xmlns="http://www.springframework.org/schema/beans"
    xmlns:mvc="http://www.springframework.org/schema/mvc"
	xmlns:context="http://www.springframework.org/schema/context"
	xmlns:xsi="http://www.w3.org/2001/XMLSchema-instance" 
    xmlns:security="http://www.springframework.org/schema/security"
    xsi:schemaLocation="
    http://www.springframework.org/schema/beans
    http://www.springframework.org/schema/beans/spring-beans.xsd
    http://www.springframework.org/schema/security
    http://www.springframework.org/schema/security/spring-security-3.2.xsd
    http://www.springframework.org/schema/mvc 
    http://www.springframework.org/schema/mvc/spring-mvc.xsd
    http://www.springframework.org/schema/context 
    http://www.springframework.org/schema/context/spring-context.xsd">

<security:http auto-config="true" use-expressions="true">
    <!-- Interceptor urls -->
    <security:intercept-url pattern="/login**" access="permitAll" />
    <security:intercept-url pattern="/resources/**" access="permitAll" />
    <security:intercept-url pattern="/**" access="hasRole('USER')" />
    <security:intercept-url pattern="/admin**" access="hasRole('ADMIN')" />
    
   <security:form-login 
        login-page="/login"
        default-target-url="/"
        authentication-failure-url="/login?error=1" 
        username-parameter="name"
        password-parameter="password" />
         
    <!-- Logout -->
    <security:logout logout-success-url="/logout" />
</security:http>
<security:authentication-manager>
    <security:authentication-provider>
        <security:jdbc-user-service 
            data-source-ref="dataSource"  
            users-by-username-query=
                "SELECT name, password FROM users WHERE name=?" 
            authorities-by-username-query=
                "SELECT US.name, UR.role_id
                    FROM users US, user_role UR 
                    WHERE US.id = UR.user_id and US.name =?" 
            />
    </security:authentication-provider>
</security:authentication-manager>
</beans>